date,MKTB,DRF,CRF,LRF,LTR,MOM,REVstar,REV
9/30/2002,0.001879793,-0.007496177,-0.059012412,0.000971176,-0.013105477,0.035398204,-0.001271752,0.020807456
10/31/2002,-0.005763741,0.025254677,0.008601672,-0.018227271,0.00065846,-0.02087545,-0.009431393,0.030796787
11/30/2002,0.033839856,0.070548961,0.082534616,0.013603208,0.03692794,-0.070539173,0.032047936,0.048677992
12/31/2002,0.02443002,0.014703036,-0.012675661,0.007444699,-0.003690819,-0.010037661,0.009140075,0.027330273
1/31/2003,0.012164627,0.027564887,0.035198317,0.013915644,0.01622633,-0.006310069,-0.004770088,0.024512571
2/28/2003,0.016561554,0.018752606,-0.00450568,0.002959143,0.008410691,0.016305612,-0.003475875,0.004782686
3/31/2003,0.007253547,0.054639274,0.026370732,-0.002579792,0.010723036,0.011906388,-0.010725187,0.010509064
4/30/2003,0.031284129,0.055847662,0.066501634,0.005353354,0.022864262,-0.010162872,0.016759375,0.034587189
5/31/2003,0.024931894,0.02418003,-0.022377999,0.016183457,-0.0008451,0.00410935,-0.001102368,0.004679504
6/30/2003,0.005109675,0.013602747,0.025942676,0.001364013,0.011387242,-0.006376645,0.00373589,0.013223417
7/31/2003,-0.033500837,-0.027735355,0.0280073,-0.009955082,0.005146349,-0.04785572,-0.009771731,-0.003495071
8/31/2003,0.006893113,0.012454683,0.0167377,-0.003198872,0.009986936,0.008230991,0.022059688,0.031935417
9/30/2003,0.030112983,0.025530304,-0.005662965,0.009644285,0.002500174,-0.00885867,-0.000104763,0.015632759
10/31/2003,-0.002427611,0.00480426,0.033665703,0.003596724,0.007927363,0.005396471,0.006842706,0.018793634
11/30/2003,0.009863042,0.010975079,0.007748541,0.008736823,0.004959718,-0.00279089,0.00425544,0.014088486
12/31/2003,0.010608223,0.012524047,0.017242844,-0.002472253,0.008181952,-0.00945527,-0.009127748,0.00712051
1/31/2004,0.010611337,0.008933579,0.006352483,0.003812577,0.000116742,-0.001679651,-0.00233775,0.01744728
2/29/2004,0.007883875,0.003383742,-0.01514444,0.006160891,-0.011151696,-0.008848692,-0.007199693,0.005581722
3/31/2004,0.008297269,0.008924788,-0.004983137,0.004547065,-0.003665971,0.002643157,-0.002915763,0.012616811
4/30/2004,-0.02440726,-0.025190472,0.029363906,-0.004416137,0.004014964,-0.010445961,0.002234363,0.015826979
5/31/2004,-0.008741015,-0.001215232,-0.010867923,-0.008388062,-0.004857119,-0.003068048,-0.004995395,0.004746729
6/30/2004,0.004941276,0.008681516,0.014314952,0.003908187,0.005492691,-0.00218582,0.004684118,0.023458421
7/31/2004,0.01074422,0.006605787,-0.00214289,0.003490084,-0.004390283,-0.00244834,-0.001489295,0.006086177
8/31/2004,0.022459812,0.026205757,-0.008666083,-0.000530649,-0.003357566,-0.007186266,-0.008908257,-0.000278475
9/30/2004,0.006508334,0.014756803,0.006176242,0.008042852,-0.000633989,-0.00056672,-0.004713226,-0.004662828
10/31/2004,0.010642012,0.011905268,0.016723834,0.003888372,0.012316169,-0.008266477,0.000271963,0.013100423
11/30/2004,-0.005251762,0.00579109,0.022437705,0.001306757,0.007363812,-0.00955025,0.001838939,0.013382643
12/31/2004,0.01060249,0.021895116,0.006038512,0.005530034,0.008558336,0.006667669,-0.005985211,0.007983966
1/31/2005,0.003929856,0.014269749,-0.015795248,0.007670634,-0.006714293,0.020853789,-0.006718653,0.001311303
2/28/2005,-0.00115108,0.002694163,0.020642828,0.001686438,-0.005823682,0.00072956,-0.001844494,0.003079542
3/31/2005,-0.022416928,-0.022580493,-0.014300019,0.000437924,-0.001594339,-0.009935677,-0.000809821,0.006874061
4/30/2005,0.005827146,0.006732883,-0.039067492,0.004467231,-0.025632369,0.017880262,0.003187861,0.009352489
5/31/2005,0.011848478,0.015664395,0.010559056,-0.000602315,0.01297973,0.002156321,0.002922732,0.017425318
6/30/2005,0.009388768,0.011405359,0.010751042,-0.000865729,0.002434044,-0.004282945,-0.001262752,0.004281006
7/31/2005,-0.001823434,0.003542219,0.027384116,-0.006779834,0.004354944,-0.011999895,-0.004689863,0.004852874
8/31/2005,0.003755059,-0.001687052,-0.015866109,0.000505519,-0.013720245,0.007109043,-0.010796048,0.001333197
9/30/2005,-0.015055015,-0.026543378,0.0019327,-0.005099219,-0.000322312,-0.002520737,0.000680003,0.003335194
10/31/2005,-0.013722082,-0.017809424,-0.001946846,-0.009612638,-0.002706971,0.002877399,-0.013820667,-0.013166677
11/30/2005,0.001782675,0.000654368,0.001434657,0.004839487,-0.00527387,-0.011065971,-0.002958734,0.002615006
12/31/2005,0.004045179,0.005321043,-0.007561275,0.00743438,-0.006867876,0.001119634,-0.01224131,-0.006761086
1/31/2006,0.002310743,0.010139279,0.025065418,-0.002468057,0.009493201,-0.01157511,0.014530194,0.02752984
2/28/2006,-0.000242577,0.006182918,0.005544083,0.007883635,-0.006558433,0.001753354,0.005955071,0.012119421
3/31/2006,-0.009946049,-0.013466339,0.020516763,-0.007626797,0.010368306,0.00593227,0.021302447,0.02714313
4/30/2006,-0.004396871,-0.008376455,0.016472773,-0.007892084,0.005963306,-0.008247045,-0.006083276,-0.002578291
5/31/2006,-0.003479602,-0.001185879,0.002320873,-0.000784958,0.007633262,-0.004173745,-0.003728028,-0.00057486
6/30/2006,-0.006683838,0.000371913,-0.00096872,-0.002538723,0.006657834,0.005991539,-0.005604373,-0.000689295
7/31/2006,0.011314075,0.01261714,-0.006451684,0.001171285,-0.003293206,-0.003067373,0.000935908,0.005035521
8/31/2006,0.013955576,0.017621688,-0.003040792,0.007878181,0.003108893,-0.011816436,-0.007181881,-0.003431586
9/30/2006,0.008339331,0.011476703,0.001473897,0.004443412,-0.001417402,-0.005167714,-0.004600048,-0.001520979
10/31/2006,0.004068147,0.004088403,0.010678232,0.002399,0.000689864,0.001894726,-0.010512533,-0.004426051
11/30/2006,0.011753982,0.018133165,0.009293649,-0.000994555,0.010344625,0.012871304,0.000529484,0.000868803
12/31/2006,-0.005158719,-0.0033086,0.017592169,-0.005965167,0.00194895,-0.011555536,0.00495317,0.013340812
1/31/2007,-0.003587585,-0.003028932,0.016597052,0.00120515,0.000811306,-0.008330747,0.003163374,0.014404612
2/28/2007,0.013368532,0.012625768,-0.006373525,0.006941599,-0.000901287,0.009162019,0.001178911,0.009226967
3/31/2007,-0.006418518,-0.014931946,0.003680085,-0.003384713,-0.003201601,-0.015046161,0.005729157,0.015306219
4/30/2007,0.003689515,0.005460524,0.010175637,0.000844673,-0.000540877,0.003177248,0.005518703,0.010309976
5/31/2007,-0.008571415,-0.001957254,0.019750342,-0.001360879,0.001590828,-0.000696484,-0.003824927,0.005209091
6/30/2007,-0.013463788,-0.016159965,-0.009377439,-0.003929103,0.001852159,0.003492892,-0.002104606,-0.001963254
7/31/2007,-0.010971079,-0.019871376,-0.037258715,-0.004576658,-0.000789892,0.00137289,-0.014126064,-0.005967734
8/31/2007,0.007258307,-0.003426342,-0.005794516,0.003486433,0.001397563,-0.003583433,-0.001927872,-0.005213548
9/30/2007,0.012134527,0.01560764,0.019292782,-0.00271921,0.001423199,-0.013799369,0.007926052,0.020760913
10/31/2007,0.007698343,0.009885252,-0.005812903,0.006528848,0.002456606,0.002255556,0.009909176,0.015942219
11/30/2007,-0.00636926,-0.026381373,-0.033084513,-0.00452209,-0.002496106,0.021192475,-0.008596259,-0.004135012
12/31/2007,-0.002949447,-0.021729864,-0.001794796,-0.003744841,-0.002556465,0.006382589,-0.000235675,0.003316764
1/31/2008,0.009865439,0.022555005,-0.028887928,0.00142869,0.011106391,-0.010010512,0.008541869,0.030523996
2/29/2008,-0.008660635,-0.029227622,-0.012906453,-0.003840435,0.004015756,0.017574813,-0.00813309,-0.00134011
3/31/2008,-0.008305911,-0.007221039,-0.002425196,-0.008138434,0.000633696,0.002752684,-0.001949232,0.00736941
4/30/2008,0.018194734,0.053454086,0.047733337,0.001451473,0.000137816,-0.044188225,0.019462968,0.039095346
5/31/2008,-0.006301809,-0.00489346,0.02290597,0.00394079,-0.001317563,-0.000481001,0.012331108,0.025438323
6/30/2008,-0.018602022,-0.044509803,-0.033216996,0.000383136,-0.004653505,0.01312792,-0.009809351,0.002731485
7/31/2008,-0.009277415,-0.032180816,-0.014576075,-0.012782932,-0.004917993,0.0222738,-0.018232936,-0.003698088
8/31/2008,0.007530289,0.006316579,-0.01070237,-0.003016705,-0.006726605,0.00685159,-0.00679533,0.004627591
9/30/2008,-0.084458443,-0.126888465,0.007211054,-0.04414818,-0.031594671,0.067585143,-0.008441432,-0.0081892
10/31/2008,-0.058504297,0.037181537,-0.16371705,0.000888693,-0.011836656,-0.023470211,0.044618045,0.073687614
11/30/2008,0.002110336,-0.011678294,-0.175184717,0.001638784,-0.015396987,0.019592841,0.051963867,0.085528344
12/31/2008,0.106758243,0.116686261,0.02170234,0.005437504,0.061555558,-0.104568454,0.029259842,0.091010627
1/31/2009,0.010373379,0.017591185,0.071570918,0.007076373,-0.018672499,-0.0428233,0.06085036,0.09609439
2/28/2009,-0.03352327,-0.078311206,-0.010577234,-0.023397285,-0.038857903,0.01881721,-0.031264242,0.004905113
3/31/2009,0.011886328,0.023659029,0.073409854,0.027470335,0.056596692,-0.016616721,0.009568051,0.022893655
4/30/2009,0.060290739,0.111488635,0.110654415,0.05248173,0.060328467,-0.1039052,0.035230897,0.068368563
5/31/2009,0.043583916,0.122669808,0.033963666,0.070376672,0.043551278,-0.091371528,-0.035626353,-0.060765308
6/30/2009,0.024907736,0.022209636,0.009996609,0.034373793,0.023216507,-0.006530592,-0.005519793,-0.003532549
7/31/2009,0.039259891,0.026410935,0.031857167,0.005545984,0.004479106,-0.003869837,-0.017612152,-0.008715147
8/31/2009,0.021156722,0.048002033,0.012325407,0.048071117,0.021532558,-0.005247221,0.021704923,0.041676953
9/30/2009,0.026672214,0.050512586,0.046194707,0.027134751,0.023803345,0.022449754,-0.027729686,-0.021009374
10/31/2009,0.007326653,0.004563718,0.004922463,0.000174267,0.004283506,0.008142411,-0.001531574,0.004425814
11/30/2009,0.012492799,0.001657429,-0.001520368,-0.0001315,-0.000168066,0.006746679,-0.000852102,0.010278074
12/31/2009,0.001314885,0.019259679,0.04468262,-0.000356735,0.018060665,0.011811639,-0.004654217,0.009250775
1/31/2010,0.013154452,0.00599466,0.002158321,0.015051464,0.00549968,-0.000696055,0.008712085,0.028964004
2/28/2010,0.003487523,0.001457014,-0.007456563,-0.001198606,-0.002014266,-0.002226139,0.00253509,0.01154802
3/31/2010,0.008680233,0.022652529,0.025458945,0.008582164,0.015610484,0.028133563,-0.004004434,0.009737495
4/30/2010,0.016573236,0.016075545,0.011528261,0.012144548,0.008461504,-0.010503218,0.013443327,0.018090856
5/31/2010,-0.006960195,-0.01793664,-0.032840329,0.001966832,-0.016831017,-0.009758863,0.005599987,0.012695644
6/30/2010,0.01823311,0.007143446,-0.015337651,0.004404998,-0.005242505,0.008594687,0.003406454,0.009243443
7/31/2010,0.021175701,0.019427597,0.017186955,0.001927645,0.004575924,-0.005665293,-0.004964845,0.003028384
8/31/2010,0.014146774,0.008315179,-0.021534786,0.013408469,-0.007808123,0.01724892,0.008607728,0.004117148
9/30/2010,0.011201116,0.014479397,0.026808821,-0.003782475,0.010046648,-0.00506229,0.010844374,0.014863168
10/31/2010,0.006478509,0.004983463,0.028050457,-0.008406217,0.003609768,-0.012301245,-0.008545523,-0.008970405
11/30/2010,-0.008219808,-0.009173298,-0.001543176,0.004552753,-0.001460478,-0.010476587,0.010067373,0.014498085
12/31/2010,-0.003918808,0.013854226,0.025158329,-0.003830327,0.010476379,0.009646906,0.001774026,0.013564857
1/31/2011,0.008835787,0.004972072,0.025083494,0.004179542,0.006099595,-0.006852325,0.008187353,0.022951653
2/28/2011,0.006142352,0.009956939,0.01052607,0.00498666,0.000874068,0.005236549,0.001593342,0.00530536
3/31/2011,0.000487713,-0.000635721,0.005482669,0.00258961,0.001229192,0.001389498,-0.000902842,0.007416697
4/30/2011,0.016960197,0.013638217,0.000218627,0.004658788,0.002666174,-0.008979319,0.005319764,0.01230035
5/31/2011,0.011500758,0.007942368,-0.006746253,0.007860285,-0.000482784,-0.002136593,-0.006801698,-0.006423951
6/30/2011,-0.006052325,-0.011707304,-0.003994357,-0.00671135,-0.00365605,-0.005569452,0.0046831,0.012215501
7/31/2011,0.017374396,0.005462482,-0.011557667,0.003144541,-0.008088442,0.010293608,0.010589239,0.01500651
8/31/2011,-0.002410308,-0.015066965,-0.050834078,0.005426713,-0.011368882,0.012658421,-0.021733853,-0.014747075
9/30/2011,-0.008111339,-0.01421817,-0.033223628,0.005274634,-0.021406537,0.020990703,-0.033482729,-0.026925709
10/31/2011,0.028864922,0.032273459,0.04146217,-0.001814954,0.011027036,-0.015482879,0.030914062,0.029103747
11/30/2011,-0.018818722,-0.035584747,0.00443586,0.006815736,-0.006421581,0.006114271,0.041921854,0.0445895
12/31/2011,0.025232383,0.030227213,0.000899002,0.003813298,0.004204018,0.011516449,0.03240711,0.041220361
1/31/2012,0.023448582,0.032948255,0.015951421,0.006553324,0.002040015,-0.021369841,-0.009350898,0.000404899
2/29/2012,0.013366925,0.021238413,0.017637289,0.003541101,-0.002226846,-0.006789477,-0.004570626,0.000546224
3/31/2012,-0.006673052,-0.004908269,0.012032836,-0.004009024,-0.00284578,-0.021770341,0.006963131,0.005630334
4/30/2012,0.01059544,0.008062617,-0.003616839,0.000809046,0.000497136,0.007701307,0.007752533,0.011536354
5/31/2012,0.000416684,0.001340668,-0.02717151,0.011280339,-0.002952791,-0.00507088,-0.013869951,-0.009775147
6/30/2012,0.01123466,0.014311739,0.013347655,-0.003038492,-0.002338609,0.007390595,0.006539201,0.012201409
7/31/2012,0.024959074,0.023871769,-0.01815264,0.01061594,-0.004883803,0.01352424,-0.015611462,-0.012153183
8/31/2012,0.002241718,0.004731505,0.017054823,-0.006350414,-0.001845359,-0.001219558,0.0074904,0.011910962
9/30/2012,0.011355796,0.015833692,0.008747298,0.003931887,-0.000642068,0.004365518,-0.002559659,0.002879912
10/31/2012,0.007736124,0.009083423,-0.002108692,-0.001084121,-0.004922047,0.01484837,-0.000516047,0.002054813
11/30/2012,0.00026262,-0.000506658,0.005788139,-0.002374279,0.003529658,-0.000730982,0.004028121,0.010193547
12/31/2012,0.004926896,0.009104227,0.02333871,0.005018768,-0.007286048,-0.002404563,0.006582725,0.014996015
1/31/2013,-0.004643679,-0.004500134,0.028562206,-0.001194538,-0.000181045,-0.013400878,0.004399336,0.013011958
2/28/2013,0.006506545,0.003904022,-0.005706722,0.002220678,-0.001257499,0.000550735,-0.000110654,0.005963086
3/31/2013,0.002821786,0.001165616,0.010229226,0.000600522,0.000524343,-0.005179994,-0.002598018,0.002428736
4/30/2013,0.01903961,0.02211592,0.001005616,0.007372359,-0.0024469,-0.017273729,0.009522677,0.015385234
5/31/2013,-0.019899376,-0.021970373,0.028573242,-0.006268889,0.00195843,0.000786184,0.031656415,0.035238395
6/30/2013,-0.027343171,-0.035069941,-0.001110221,-0.01859357,0.002903911,-0.010271347,-0.028950272,-0.028243702
7/31/2013,0.009923343,0.006208071,0.009810281,-8.53E-05,-0.002862493,0.011807972,0.004021171,0.009877051
8/31/2013,-0.005602367,-0.005271304,0.002584584,-0.000454635,-0.003227382,0.00408545,0.003762697,0.007721437
9/30/2013,0.006526996,-0.002841062,0.000760589,0.004123963,-0.000315865,0.014552144,0.000137407,0.006003461
10/31/2013,0.017842644,0.023061496,0.011455879,0.008668588,0.003988222,-0.024289832,-0.004749638,0.007575648
11/30/2013,-0.000945899,-0.005619771,0.010189891,-0.001867764,0.007433322,0.00867803,0.004383201,0.006080429
12/31/2013,0.002697586,0.01015417,0.005152311,-2.75E-05,-0.002900018,-0.006631641,0.004293114,0.010688587
1/31/2014,0.012451748,0.016172164,-0.00993966,0.011378315,-0.001108404,-0.011764354,-0.007063522,0.003224242
2/28/2014,0.012485365,0.019939092,0.008222858,0.003636778,-0.002205269,0.004057593,-0.003752323,0.000268972
3/31/2014,0.001379819,0.003171496,-0.000547826,0.00434703,0.000242908,0.003184156,0.001756888,-0.001317197
4/30/2014,0.008882262,0.011897531,-0.006565522,0.006780295,-0.001230231,0.009060856,-0.005457124,-0.001701084
5/31/2014,0.012750156,0.014677943,-0.005155748,0.008333486,-0.001093565,0.015538971,-0.011898262,-0.009616379
6/30/2014,0.002199124,0.002847503,0.008289824,-0.000806559,-0.002912891,3.67E-05,-0.00281147,0.000427658
7/31/2014,-0.004069287,-0.002253895,-0.014474271,0.001529765,0.002975837,0.001141892,-0.0006035,0.003010681
8/31/2014,0.015052665,0.01519498,-0.005037126,0.001925448,-0.003659507,0.029059102,-0.005733428,0.010349117
9/30/2014,-0.01552277,-0.024804126,-0.011884495,-0.006399434,-0.000827621,-0.012256007,0.013949059,0.022170938
10/31/2014,0.010367551,0.004007489,-0.005586258,-0.001377764,-0.006617377,0.016054212,0.01015461,0.012194842
11/30/2014,0.001954344,-0.002159401,-0.015156734,0.000441801,-0.001768489,0.004910369,-0.008183983,-0.004481975
12/31/2014,-0.001361899,0.001014117,-0.025258122,-0.00304144,0.004399211,0.019652122,0.003189774,0.004544826
1/31/2015,0.02174722,0.0260468,-0.031697886,0.015577191,-0.005358445,0.023695059,-0.024868753,-0.015314522
2/28/2015,-0.001395787,-0.001197907,0.040605662,-0.007143179,-0.001980029,-0.027517245,0.019801805,0.026915854
3/31/2015,0.000208901,-0.011150071,-0.016149897,-0.000939261,-0.002925735,0.008012791,0.000884307,0.010023392
4/30/2015,-0.003442426,-0.014537431,0.024013374,0.000622858,0.006445716,-0.014220326,0.008517466,0.009078521
5/31/2015,-0.005960485,-0.020688498,0.006313817,-0.008035055,-0.003376009,-0.001583904,-0.014806553,-0.013605202
6/30/2015,-0.016552263,-0.036915692,-0.008377686,-0.009131323,-0.003482827,0.008503306,-0.020752013,-0.023922449
7/31/2015,0.001004203,-0.015456196,-0.029707215,-0.003248297,-0.010273824,0.01901624,-0.006606267,-0.00615794
8/31/2015,-0.006570797,-0.023943972,-0.014680047,-0.003560724,-0.001801362,-0.001848315,-0.011333264,-0.008496272
9/30/2015,-0.00207678,-0.021147596,-0.048190345,-0.002465499,0.005777492,0.020919906,-0.00381451,-0.000684236
10/31/2015,0.010803594,0.011169439,0.02557731,-0.005802899,-0.015116583,-0.007722578,0.009029698,0.013542802
11/30/2015,-0.007259702,-0.018842723,-0.034918645,-0.003898223,0.001274801,0.017801856,-0.005681924,-0.002401156
12/31/2015,-0.012316243,-0.034206744,-0.031290071,-0.007774123,-0.014033359,0.036800637,-0.013908821,-0.010160732
1/31/2016,-0.007596575,-0.045961284,-0.026997129,-0.021703065,-0.01772742,0.045938976,-0.047686558,-0.03836724
2/29/2016,0.010960773,0.022160298,-0.012248152,-0.000790524,-0.01057673,0.000620483,0.00836629,0.01234745
3/31/2016,0.039467632,0.096611095,0.042962863,0.039126481,0.034606376,-0.071693863,0.030336548,0.030913747
4/30/2016,0.020677809,0.052345841,0.033456007,0.011594969,0.012413129,-0.03796816,-0.039107703,-0.03989886
5/31/2016,-0.000760595,-0.000560356,0.005291639,-0.001583775,-0.001616787,-0.005899261,-0.001620707,0.000450069
6/30/2016,0.023154298,0.04103935,-0.009531775,0.021199557,0.011770574,0.022304955,0.004755927,0.007558981
7/31/2016,0.013461214,0.018505343,0.01288877,0.0043729,-0.0024878,0.014044878,-0.011659696,-0.012110626
8/31/2016,0.007536141,0.02235217,0.016825004,0.002533724,0.002623735,0.014668382,0.001594928,0.003019398
9/30/2016,0.000205454,0.000430245,0.013713668,-0.002719094,0.002438313,-0.001952061,0.003050208,0.004652929
10/31/2016,-0.009561356,-0.012050919,0.018894627,0.003903774,0.003693749,-0.013536879,-0.007434483,-0.007313457
11/30/2016,-0.02313564,-0.028543205,0.025159329,-0.009085263,-0.000309549,-0.020785088,-0.013248657,-0.023945846
12/31/2016,0.007657186,0.018292913,0.014256453,0.005867924,0.005723569,0.007002904,0.011151179,0.014537793
1/31/2017,0.003734476,0.006649597,0.009227718,0.001302191,0.00492745,-0.004846182,0.006353145,0.007978224
2/28/2017,0.011943976,0.016203474,-0.000602228,0.005883345,-0.001975771,-0.020205551,0.005633463,0.004033667
3/31/2017,-0.003448397,-0.008201574,0.000972381,-0.003557049,-0.002387539,0.002022087,0.005916492,0.0084089
4/30/2017,0.010030208,0.0116422,-0.000677762,-0.000504331,0.001264563,0.000718203,0.002901583,0.00839764
5/31/2017,0.010181605,0.013273047,-0.004200911,0.00474506,-0.002046716,0.001314188,-0.006267227,-0.007667263
6/30/2017,0.00434668,0.008213474,-0.005753666,0.00703519,-0.004222999,0.008413933,-0.010913278,-0.010234326
7/31/2017,0.005083419,0.001520199,0.003358937,0.000144801,0.002152217,0.001103734,0.00354012,0.00607529
8/31/2017,0.004788939,0.00435002,-0.008849674,0.001113621,-0.000722193,0.008175001,-0.001104364,0.003930598
9/30/2017,0.000489779,0.005765614,0.00870373,0.001671467,0.001796369,0.000234393,0.003605247,0.004985523
10/31/2017,0.001333961,0.004313331,0.001583642,0.003564914,0.002911337,0.000991609,-0.000898279,0.001785779
11/30/2017,-0.001888596,0.003276584,-0.003558673,0.005638902,0.000491303,0.006036025,-0.000700338,8.66E-05
12/31/2017,0.006420282,0.015876632,-0.006378624,0.000316269,-0.001084961,0.013167734,-0.00625764,-0.006096781
1/31/2018,-0.007444434,0.002967935,0.021329177,0.001128233,0.006714303,-0.00618156,0.003729127,0.006615861
2/28/2018,-0.01721953,-0.030368452,0.009483735,-0.01002824,0.002130013,-0.026143374,-0.004398309,-0.003919823
3/31/2018,0.0003294,0.002596042,-0.010869503,-0.001641051,-0.001870691,0.005177601,0.002997073,0.002505029
4/30/2018,-0.00911254,-0.014438623,0.014194448,-0.00741554,0.001088846,0.001703374,0.003229865,0.011691539
5/31/2018,0.003818193,0.002440774,-0.005983075,0.000232895,0.003306708,-0.002208642,0.002163461,0.003451099
6/30/2018,-0.005021426,-0.007416907,0.004705868,-0.002762297,-0.001144256,0.003830702,-0.001896072,0.000717713
7/31/2018,0.007611388,0.012915033,0.003319798,0.003885238,-0.003994651,-0.012644934,0.011540068,0.01462224
8/31/2018,0.003639183,-0.002989515,0.002147707,0.00175569,-0.001633864,0.001536833,0.003964733,0.005858426
9/30/2018,-0.002950582,-0.001006143,0.009681265,-0.004078283,-0.00044673,0.000984042,0.002865531,0.007042294
10/31/2018,-0.017393022,-0.037025864,0.003778472,-0.016115661,0.002381065,0.021329475,0.015420706,0.001800637
11/30/2018,-0.005081278,-0.014208425,-0.009599445,-0.003178449,7.68E-05,0.006482695,-0.010388549,-0.011349545
12/31/2018,0.007116009,0.002432076,-0.03790841,0.00263032,-0.00071678,-0.005530791,-0.000280607,0.001615592
1/31/2019,0.026290105,0.032760268,0.007718556,-0.004277205,-0.013316431,-0.014119389,0.011628491,0.006153141
2/28/2019,0.002142367,-0.001365656,0.01339097,0.003530341,0.001640421,0.001742721,0.005275189,0.006378343
3/31/2019,0.021170361,0.02786088,-0.01450187,0.016747318,-0.000908161,-0.007575117,0.003695682,0.004840668
4/30/2019,0.003805044,0.007095121,0.012400523,0.001157819,0.000228239,-0.003998191,-0.003696933,-0.001805314
5/31/2019,0.007647586,0.006970157,-0.02373848,0.004064472,-0.000553021,0.010117201,0.001804005,0.009120355
6/30/2019,0.02463748,0.03328252,-0.003709074,0.017236492,-0.005584196,0.037110372,-0.001037998,-0.007129329
7/31/2019,0.003143463,0.006449173,0.002569581,0.005754366,0.000246927,0.005345661,-0.005924258,-0.005537455
8/31/2019,0.026538277,0.039089624,-0.029889922,0.022408294,-0.005624067,0.049243109,-0.003390233,-0.020648024
9/30/2019,-0.007297659,-0.013860979,0.006272965,-0.009234669,0.001851507,-0.012715548,0.014736663,0.016932782
10/31/2019,0.002803571,0.000116719,0.000991969,-0.003322113,0.001738603,0.002496543,0.001305417,0.000644402
11/30/2019,0.003562218,0.010954745,0.000966572,0.003348365,0.001749198,0.010574508,0.001190648,0.00354849
12/31/2019,0.005110466,0.009739399,0.016925713,0.001383863,-0.003649772,-0.006950399,0.00223435,0.005140546
1/31/2020,0.015904591,0.019388889,-0.017083718,0.025150863,0.004429306,0.027693191,-0.004476365,0.012309337
2/29/2020,0.005593271,-0.002830481,-0.027079993,0.001216505,0.002932131,0.004352173,-0.012613005,-0.012846372
3/31/2020,-0.0707978,-0.09202783,-0.102419989,-0.004869795,0.033152268,0.017563197,-0.030061797,-0.057393286
4/30/2020,0.05748038,0.061907767,0.016805238,0.021548501,-0.018040782,-0.003004817,0.095335058,0.114232114
5/31/2020,0.021444408,0.016501464,0.04241794,0.007362413,-0.019082985,-0.03450814,-0.004927496,0.000772033
6/30/2020,0.02023611,0.023160761,0.013182215,0.009900683,-0.000425934,-0.025332466,0.013117168,0.01759058
7/31/2020,0.033947499,0.058342761,0.003623673,0.022732365,-0.002361542,-0.005023638,-0.026634961,-0.022911447
8/31/2020,-0.011132568,-0.025658046,0.032892808,-0.008572656,0.001780661,-0.011140505,0.040778715,0.042176697
9/30/2020,-0.00462435,-0.009269347,-0.010506197,0.000716532,0.003337022,0.000635463,-0.002277854,0.00079831
10/31/2020,-6.95E-05,4.48E-05,0.00900278,-0.000536293,0.003144417,-0.000139217,-0.002761588,0.000230195
11/30/2020,0.031062594,0.06132008,0.016350234,0.014092389,-0.00500468,0.011485704,0.008221708,0.020446075
12/31/2020,0.006184234,0.009374388,0.019955487,0.006860857,0.00339561,-0.01128181,-0.001536016,-0.001662441
1/31/2021,-0.011152019,-0.019802553,0.019394667,-0.019946747,0.005357368,-0.023631148,-0.003160686,-0.003983742
2/28/2021,-0.018691613,-0.026043268,0.025804661,0.005362858,0.005435921,0.008059102,-0.016008042,-0.028850498
3/31/2021,-0.01110869,-0.016473486,0.007154335,-0.001660724,0.003503476,-0.002834913,-0.018607428,-0.015669857
4/30/2021,0.010524825,0.014681491,0.002911767,0.00513032,0.002858314,-0.000522851,0.014091632,0.01496614
5/31/2021,0.006519219,0.006872062,-0.000112874,0.002866313,0.001194752,0.001942102,0.001299265,-0.003402691
6/30/2021,0.0177493,0.039137282,-0.002773055,-0.012269779,0.001542413,-0.025804484,0.008395293,-0.011639847
7/31/2021,0.012361784,0.017763919,-0.005101197,0.011777919,-0.000302727,-0.01505923,-0.017885788,-0.017578276
8/31/2021,-0.001851217,-0.002245016,0.005426762,-0.003520189,0.002008201,0.002476159,0.005704176,0.005874034
9/30/2021,-0.010136217,-0.014970466,0.008128475,0.005151545,0.003084127,-0.018550005,-0.006921342,-0.002931646
10/31/2021,0.002755698,0.020907719,-0.002792706,0.002826474,0.002348066,0.021852036,0.012440826,0.018794038
11/30/2021,-0.001129636,0.00104496,-0.007200018,-0.001084866,-0.002525074,0.002606504,-0.002805405,-0.003231693
12/31/2021,0.001182043,-0.003710769,0.011754393,-0.001876231,0.001657864,-0.006340329,0.005302903,0.010914378
1/31/2022,-0.033290404,-0.041394135,0.002126604,-0.030183493,0.008247362,-0.030283159,-0.021169003,-0.01316415
2/28/2022,-0.020078093,-0.030431947,0.004510651,-0.019000268,0.000789012,-0.003391726,-0.027153746,-0.032887405
3/31/2022,-0.021038156,-0.006245504,0.001955291,-0.001575164,0.003418282,0.006693673,-0.007051372,-0.003853534
4/30/2022,-0.055502988,-0.084284399,0.013090862,0.011541256,0.006208575,0.082688861,-0.036416127,-0.013917962
5/31/2022,0.00983162,-0.000268845,-0.003719226,-0.004911782,-0.004083294,-0.003339997,0.005645484,0.005990798
6/30/2022,-0.032525726,-0.037891807,-0.018588271,0.009341823,0.00384762,0.034126752,0.021668014,0.004432279
7/31/2022,0.038619506,0.044773217,0.00081124,-0.000317573,-0.009567718,-0.042227436,0.046137221,0.046972826
8/31/2022,-0.031802528,-0.030460268,0.015377443,-0.01314972,0.007830529,0.036478876,0.037041186,0.040158304
9/30/2022,-0.056447293,-0.071894715,0.009087143,-0.047544101,0.008969991,0.072008431,-0.064781745,-0.062563771
